	created_at	favorite_count	hashtags	retweet_count	text	url	user_screen_name
0	Sat Oct 17 02:30:28 +0000 2020	4.0		0.0	Trump is dying politically on the hill of not wearing masks. Americans are just dying.	https://twitter.com/twitter/statuses/1317291859673112577	9060ec0573b34d0e2148cfa273217239
1	Wed Oct 14 19:35:43 +0000 2020	0.0		0.0	How wearing a mask became a republican/democratic issue?? https://t.co/hrZPU3FXTG	https://twitter.com/twitter/statuses/1316462710507307010	e437114e5811e413330ccca4d87f0d26
2	Mon Oct 19 11:30:30 +0000 2020	0.0		0.0	Now they wear MASKS !!! Pathetic all of them !!! 220000 our AMERICANS died and counting Trump's dancing &amp; GOPs star wearing MASKS FUCK THEM ALL  they're no longer VALUE to USA  they're nothing but PUTIN'S USEFUL IDIOTS ..! https://t.co/8Mlsr6OJpT	https://twitter.com/twitter/statuses/1318152540672831488	0cf9e8ab765f294551b2b0627a94e774
3	Wed Oct 14 01:11:12 +0000 2020	0.0		0.0	_NE wearing his face mask republican style in the flyer I got today https://t.co/LKmns18ETg	https://twitter.com/twitter/statuses/1316184750814564352	b1d643a4cd1ec1320faa08d441468c1d
4	Mon Oct 19 03:05:07 +0000 2020	1.0		0.0	WOW...Thx gawd WISC is a Safe State from COVID-19With Trump's virus affecting SO many parts of US --12 State today saw record number of cases -- with NO social distancing &amp; few mask this could be worst than last month's Sturgis Bike Rally https://t.co/SVJhYb3WeE	https://twitter.com/twitter/statuses/1318025357333757952	41dc66a22df94dd5aa36d3b8bc63e5cb
5	Thu Oct 15 17:16:14 +0000 2020	0.0		0.0	   You mean if he hadn’t gotten infected with coronavirus which made that impossible? Then we would have gotten to see him make fun of Joe Biden for wearing a mask like he did the last debate right?	https://twitter.com/twitter/statuses/1316789995647238147	89a9953df6d5b852a008b99c78378da5
6	Fri Oct 16 02:17:44 +0000 2020	1.0		0.0	 couldn't stop himself from spewing more DEADLY LIES!- 85% of those who wear mask catch covid. FALSE!- U.S. has best records re: COVID. FALSE!- We have a cure for COVID. FALSE!Appears he was POSITIVE for Covid during the first debate w/Biden! Infecting unknown numbers!	https://twitter.com/twitter/statuses/1316926267401424897	2dade6bdf05604e3e2af280ad9359fe8
7	Wed Oct 21 00:08:51 +0000 2020	0.0		0.0	Since when does Trump taunt people for NOT wearing masks? https://t.co/e4gJyX6Kmi	https://twitter.com/twitter/statuses/1318705775372652545	f9667f71e5945e3bc20bb8a5501d0e8a
8	Tue Oct 20 02:57:28 +0000 2020	0.0	TrumpIsATerrorist	0.0	 You need to leave your private island more often. So many in this state have never abandoned your parties' original stance that COVID-19 is harmless. So many refuse to wear masks and it can directly be attributed the actions of people like you and Trump. #TrumpIsATerrorist	https://twitter.com/twitter/statuses/1318385820894699527	89fe939e05e3583f55f457a36f81492c
9	Tue Oct 13 23:46:49 +0000 2020	3.0	optics	2.0	The only people wearing masks are the ones behind Trump. They’re wearing the MAGA ones Trump handed out. Alll the MAGA idiots on twitter say masks don’t work yet Trump wants to show his people are wearing masks. #optics https://t.co/noi3pYkMbk	https://twitter.com/twitter/statuses/1316163512356483072	67d0dde5a72bac83096cb3d4271c478b
10	Wed Oct 14 05:06:07 +0000 2020	0.0	trump, agbarr	0.0	 Ironic (or appropriate?) Considering how #trump #agbarr undermine (face) masking	https://twitter.com/twitter/statuses/1316243870158651395	6ff2c8b4eec0133a03b33b4e915106ad
11	Thu Oct 15 03:15:27 +0000 2020	4.0		3.0	If you’ve already voted that’s great! Join us anyway and show support and fellowship with your brothers and sisters in the mission to elect Joe Biden our next president! (2/2) *Masks and social distancing will be enforced.*Sign up for details:https://t.co/jBIhprbNLO	https://twitter.com/twitter/statuses/1316578407405166593	63a1de66a5df5ebd6f87ced994786ecc
12	Mon Oct 19 18:51:18 +0000 2020	0.0		0.0	Trump gon’ have the audacity to show up in AZ w/o a mask after testing positive for COVID...	https://twitter.com/twitter/statuses/1318263470136066048	7621f524e4824e31c947680b3c296396
13	Tue Oct 13 16:47:30 +0000 2020	4.0		1.0	Why is trump attending mask free rallies less than 14 days after a POSITIVE COVID TEST when the rest of Americans have to quarantine for 14 days even just after exposure 🤦🏼‍♀️	https://twitter.com/twitter/statuses/1316057990143901696	a6b4591d90ae9efa3ab85353cec481a2
14	Wed Oct 14 12:49:34 +0000 2020	0.0		0.0	 Trump failed Americans not Fauci. Trump secretly allowed herd immunity to run rampant didn't advocate masks and allowed our fellow Americans to die. Alone.	https://twitter.com/twitter/statuses/1316360500415004672	d92e3cb1719fcbd02328ba3e82068e3a
15	Wed Oct 14 01:52:39 +0000 2020	1.0		0.0	  Trump colluded. Barr's b.s. masking and origins nowhere.	https://twitter.com/twitter/statuses/1316195182505721856	99b0fb5de1935ac1cfe5865e646c3b34
16	Thu Oct 15 18:53:04 +0000 2020	0.0		0.0	I know 3 people that consistently refuse to wear masks. Those same people are voting for Trump. Those same people all got COVID. Look at the hand of God 😌 https://t.co/ZQTgwjmImt	https://twitter.com/twitter/statuses/1316814363555098624	6a8714e66114211c95333e6cc38c19c2
17	Thu Oct 15 00:18:36 +0000 2020	2.0		0.0	 are the Hunter Biden emails enough proof?  How about a little coverage. How much can you repeat masks and the virus. Isn’t 10 months enough	https://twitter.com/twitter/statuses/1316533900429197317	97dbe4c4d376bd194b23ffcea90f7c09
18	Tue Oct 13 15:01:35 +0000 2020	14.0		0.0	_Stew  Ignore the obvious fact more people are at home than ever before...especially in Democrat areas masked and Locked Down.  More people at home to watch...and fewer did	https://twitter.com/twitter/statuses/1316031333471264769	2a50844d9915f690a71bf88513ea6dc9
19	Fri Oct 16 19:20:25 +0000 2020	0.0		0.0	The “No Plan” Plan! Dismantle the Affordable Care Act during the worst pandemic in history! He has no plan for its replacement just 20 million Americans with no healthcare! He’s a monster need a Halloween costume; wear a Trump mask; that’ll scare the hell out of everyone around https://t.co/dUIzDHLOcZ	https://twitter.com/twitter/statuses/1317183637087875072	106d2b733c1c8f27e2114aaa6d653b57
